ID,NumberOfInstances,NumberOfFeatures,NumberOfClasses,NumberOfMissingValues,NumberOfNumericFeatures,NumberOfInstancesWithMissingValues,MaxMeansOfNumericAtts,Quartile3SkewnessOfNumericAtts,NumberOfSymbolicFeatures,MinAttributeEntropy,Quartile3AttributeEntropy,Quartile1MutualInformation,MinMeansOfNumericAtts,MinNominalAttDistinctValues,MaxMutualInformation,MinKurtosisOfNumericAtts,MinStdDevOfNumericAtts,MeanAttributeEntropy,PercentageOfSymbolicFeatures,MeanSkewnessOfNumericAtts,Dimensionality,Quartile3MutualInformation,Quartile2KurtosisOfNumericAtts,MinSkewnessOfNumericAtts,MaxSkewnessOfNumericAtts,AutoCorrelation,MinorityClassPercentage,Quartile1KurtosisOfNumericAtts,PercentageOfBinaryFeatures,Quartile1AttributeEntropy,MaxNominalAttDistinctValues,MajorityClassPercentage,PercentageOfInstancesWithMissingValues,Quartile1MeansOfNumericAtts,MaxAttributeEntropy,MeanMeansOfNumericAtts,Quartile3KurtosisOfNumericAtts,MinMutualInformation,Quartile3MeansOfNumericAtts,Quartile2MeansOfNumericAtts,Quartile2AttributeEntropy,StdvNominalAttDistinctValues,Quartile1SkewnessOfNumericAtts,Quartile1StdDevOfNumericAtts,MeanKurtosisOfNumericAtts,MajorityClassSize,MinorityClassSize,EquivalentNumberOfAtts,Quartile2StdDevOfNumericAtts,Quartile3StdDevOfNumericAtts,PercentageOfMissingValues,MaxStdDevOfNumericAtts,MeanMutualInformation,Quartile2MutualInformation,MeanStdDevOfNumericAtts,Quartile2SkewnessOfNumericAtts,PercentageOfNumericFeatures,MeanNoiseToSignalRatio,ClassEntropy,NumberOfBinaryFeatures,MeanNominalAttDistinctValues,MaxKurtosisOfNumericAtts,CfsSubsetEval_NaiveBayesErrRate,NaiveBayesErrRate,RandomTreeDepth2AUC,RandomTreeDepth3Kappa,REPTreeDepth2AUC,J48.001.ErrRate,CfsSubsetEval_DecisionStumpKappa,J48.0001.ErrRate,J48.00001.Kappa,RandomTreeDepth2ErrRate,REPTreeDepth2ErrRate,CfsSubsetEval_NaiveBayesKappa,RandomTreeDepth2Kappa,RandomTreeDepth3ErrRate,REPTreeDepth1AUC,REPTreeDepth1ErrRate,REPTreeDepth2Kappa,NaiveBayesKappa,CfsSubsetEval_NaiveBayesAUC,REPTreeDepth3Kappa,kNN1NAUC,J48.001.Kappa,DecisionStumpErrRate,DecisionStumpAUC,J48.00001.AUC,REPTreeDepth1Kappa,RandomTreeDepth3AUC,REPTreeDepth3AUC,J48.0001.Kappa,CfsSubsetEval_DecisionStumpErrRate,J48.00001.ErrRate,RandomTreeDepth1Kappa,RandomTreeDepth1AUC,CfsSubsetEval_kNN1NErrRate,DecisionStumpKappa,kNN1NErrRate,kNN1NKappa,J48.001.AUC,CfsSubsetEval_kNN1NAUC,NaiveBayesAUC,CfsSubsetEval_DecisionStumpAUC,RandomTreeDepth1ErrRate,CfsSubsetEval_kNN1NKappa,REPTreeDepth3ErrRate,J48.0001.AUC
41145,5832,309,2,0,308,0,202871.8092,2.277636228,1,,,,-1.142980813,2,,-1.258269576,0.0001260934088,,0.3236245955,2.723288614,0.05298353909,,1.276924769,-7.70651015,62.13285406,0.4995712571,50,-0.1234371561,0.3236245955,,2,50,0,0.05957159911,,6707.760209,13.11523341,,120.5061291,4.47482766,,0,0.002432426233,0.1095015626,102.3647634,2916,2916,,2.726131763,44.47121488,0,95601.73069,,,3750.132373,0.5833291687,99.6763754,,1,1,2,4255.394232,,,,,,,,,,,,,,,,,,,,,,,,,,,,,,,,,,,,,,,,,,,,,
41156,4147,49,2,0,48,0,631.8866651,5.547359502,1,,,,0,2,,-1.980037546,0,,2.040816327,5.941139396,0.01181577044,,9.710729016,-2.077431932,64.39720491,0.6152918476,24.81311792,2.310853787,2.040816327,,2,75.18688208,0,0.02917771883,,34.0879652,28.78895676,,0.3096816976,0.08186640945,,0,1.969549217,0.1683201829,158.0592391,3118,1029,,0.2737226457,0.4150680183,0,161.4101067,,,14.0776971,3.310120933,97.95918367,,0.8083026548,1,2,4147,,,,,,,,,,,,,,,,,,,,,,,,,,,,,,,,,,,,,,,,,,,,,
40982,1941,28,7,0,27,0,1650738.705,2.811168956,1,,,,-0.1313050489,7,,-1.856356413,0.05896116935,,3.571428571,3.741247384,0.01442555384,,-0.04144810979,-0.9285824125,39.29315841,0.9969072165,2.833590933,-1.14514346,0,,7,34.67284905,0,0.5707671303,,130102.8252,11.3571936,,571.1360124,1.403271303,,0,-0.05630567708,0.2997117487,109.5860368,673,55,,0.5008680465,426.4828792,0,1774590.089,,,150690.0915,0.6793387185,96.42857143,,2.410690442,0,7,1663.051848,,,,,,,,,,,,,,,,,,,,,,,,,,,,,,,,,,,,,,,,,,,,,
40983,4839,6,2,0,5,0,525.8003008,7.463963255,1,,,,24.48200695,2,,-0.01531650184,10.72699678,,16.66666667,3.37342933,0.001239925604,,17.18850489,-0.7507825286,7.731518525,0.965481604,5.393676379,3.748219132,16.66666667,,2,94.60632362,0,70.39366917,,204.9711689,107.677326,,378.6064796,126.8555469,,0,-0.2828213495,12.08875649,48.00791902,4578,261,,62.00562174,109.9221189,0,156.5792972,,,61.2054745,2.504862838,83.33333333,,0.3028903172,1,2,119.739435,,,,,,,,,,,,,,,,,,,,,,,,,,,,,,,,,,,,,,,,,,,,,
41157,100,10001,2,0,10000,0,553.59,3.051389604,1,,,,0,2,,-1.777425404,0,,0.0099990001,2.176385656,100.01,,2.537394369,-1.645504354,10,0.3939393939,44,-0.4361982153,0.0099990001,,2,56,0,10.165,,70.726744,10.73257814,,81.71,30.825,,0,0.7116119659,21.88247072,9.660993651,56,44,,41.02646833,82.18810409,0,317.3710787,,,59.36359798,1.666401786,99.990001,,0.9895875212,1,2,100,,,,,,,,,,,,,,,,,,,,,,,,,,,,,,,,,,,,,,,,,,,,,
41158,3153,971,2,0,970,0,143.4215033,4.369133859,1,,,,1.067871868,2,,-1.827691903,12.90072741,,0.1029866117,2.919671223,0.3079606724,,0.8386757025,-0.2968709493,15.71583589,0.4984137056,49.15953061,-1.517004726,0.1029866117,,2,50.84046939,0,11.2438947,,53.73339807,18.21069409,,92.69822391,46.74881066,,0,0.5370760428,46.14394122,17.89811511,1603,1550,,88.0551896,108.7381237,0,113.8913508,,,77.08151866,1.601040824,99.89701339,,0.9997961697,1,2,272.0434416,,,,,,,,,,,,,,,,,,,,,,,,,,,,,,,,,,,,,,,,,,,,,
42742,595212,58,2,846458,26,470281,,,32,,,,,,,,,,55.17241379,,0.00009744427196,,,,,0.9298568071,3.644751786,,41.37931034,,,96.35524821,79.01067183,,,,,,,,,,,,,573518,21694,,,,2.451916871,,,,,,44.82758621,,,24,,,,,,,,,,,,,,,,,,,,,,,,,,,,,,,,,,,,,,,,,,,,,,,
40670,3186,181,3,0,0,0,,,181,0.580908251,0.8479328585,0.001980788011,,2,0.3836322812,,,0.8060631191,100,,0.05681104834,0.01605573525,,,,0.3755102041,24.01129944,,99.44751381,0.7666079549,3,51.91462649,0,,0.9999954519,,,0.00000194477877,,,0.8080280989,0.07432941462,,,,1654,765,68.42526607,,,0,,0.02162644365,0.005158575965,,,0,36.27210689,1.479795161,180,2.005524862,,,,,,,,,,,,,,,,,,,,,,,,,,,,,,,,,,,,,,,,,,,,,,
1475,6118,52,6,0,51,0,0.05295462373,10.45437374,1,,,,-0.04091056702,6,,-0.9719716024,0.8394622129,,1.923076923,7.440976028,0.008499509644,,15.28650144,-1.875764427,53.78484492,0.3678273664,7.943772475,1.332677398,0,,6,41.74566852,0,-0.008159799444,,-0.0005510331199,137.4911807,,0.002845900948,-0.002469232265,,0,1.333044163,0.9727856745,228.1908673,2554,486,,0.9971927024,1.003668042,0,1.506366292,,,0.9916438519,3.142627991,98.07692308,,2.300007058,0,6,2944.652532,0.4851258581,0.8345864662,0.6943273232,0.3568830761,0.7474597786,,0.3462427496,,,0.4870872834,0.5052304675,0.3462427496,0.3568830761,0.4870872834,0.7474597786,0.5052304675,0.3022006427,0.05473977746,0.7090827191,0.3022006427,0.716082345,,0.5825433148,0.595804143,,0.3022006427,0.6943273232,0.7474597786,,0.4851258581,,0.3568830761,0.6943273232,0.4851258581,0,0.4635501798,0.3867635867,,0.7090827191,0.6204966659,0.7090827191,0.4870872834,0.3462427496,0.5052304675,
4538,9873,33,5,0,32,0,0.0111163966,2.372879468,1,,,,-0.0000147225514,5,,7.601727432,0.0009539442478,,3.03030303,0.9535035837,0.003342449104,,32.23273657,-1.883855888,7.171537945,0.960595624,10.10837638,10.69287488,0,,5,29.87946926,0,-7.29E-07,,0.001309779308,52.88939311,,0.0009602516251,0.00001231754431,,0,-0.5290674347,0.001689436373,47.82230871,2950,998,,0.00434463807,0.008791262133,0,0.0133512149,,,0.005340125416,0.2510938168,96.96969697,,2.193423736,0,5,193.8979579,,,,,,,,,,,,,,,,,,,,,,,,,,,,,,,,,,,,,,,,,,,,,
40701,5000,21,2,0,16,0,2499.5,0.01931537351,5,0.4516404367,2.083375137,0.002518914149,2.771196,2,0.0502421324,-1.2,0.7455137073,1.265935252,23.80952381,0.1395287334,0.0042,0.04677521517,0.08236840614,-0.2102861147,1.360692479,0.7583516703,14.14,-0.02126233437,14.28571429,0.5471325281,10,85.86,0,9.328744,2.277504389,224.3224236,0.19398733,0.00008063806707,160.281325,65.284434,1.167298092,3.492849839,-0.04852515449,3.145257611,0.184769794,4293,707,24.36082582,17.31498802,47.81948183,0,1443.520003,0.02413274408,0.02310410292,109.2406866,-0.01100401147,76.19047619,51.45716145,0.5878935751,3,3.8,3.268183647,,,,,,,,,,,,,,,,,,,,,,,,,,,,,,,,,,,,,,,,,,,,,
4534,11055,31,2,0,0,0,,,31,0.2561389659,0.9956082833,0.001051012803,,2,0.4994827565,,,0.8349962447,100,,0.002804161013,0.0397568479,,,,0.5140220735,44.30574401,,74.19354839,0.5710587174,3,55.69425599,0,,1.580462199,,,5.32E-09,,,0.7003712325,0.444802723,,,,6157,4898,19.05746469,,,0,,0.05198088723,0.004244512284,,,0,15.06352429,0.9906239227,23,2.258064516,,,,,,,,,,,,,,,,,,,,,,,,,,,,,,,,,,,,,,,,,,,,,,
40498,4898,12,7,0,11,0,138.3606574,1.406744921,1,,,,0.04577235606,7,,-0.6984253303,0.002990906917,,8.333333333,1.300420164,0.002449979584,,3.469820103,0.3907098417,5.023330683,0.4124974474,0.1020824826,0.5718532334,0,,7,44.87545937,0,0.3341915067,,18.43268707,9.793806911,,10.51426705,3.188266639,,0,0.4873419924,0.1007945484,7.066218779,2198,5,,0.1510005996,5.072057784,0,42.49806455,,,6.105775284,0.9777730049,91.66666667,,1.861714933,0,7,37.56459971,,,,,,,,,,,,,,,,,,,,,,,,,,,,,,,,,,,,,,,,,,,,,
4134,3751,1777,2,0,1776,0,0.9741670958,10.53130006,1,,,,0.00004443259584,2,,-2.001066951,0.00272129246,,0.05627462015,8.206743926,0.4737403359,,43.1701021,-31.46052679,61.24540799,0.4962666667,45.77446014,6.24739991,0.05627462015,,2,54.22553986,0,0.006487158975,,0.08787999841,144.5632193,,0.09590775793,0.01999466809,,0,2.48008597,0.04536734329,162.4508825,2034,1717,,0.1076131649,0.253002509,0,0.5000666445,,,0.1580308124,6.277325877,99.94372538,,0.9948419319,1,2,3751,,,,,,,,,,,,,,,,,,,,,,,,,,,,,,,,,,,,,,,,,,,,,
42734,50789,20,3,154107,2,48622,,,18,,,,,,,,,,90,,0.000393786056,,,,,0.5669252579,9.612317628,,5,,,71.57061568,95.73332808,,,,,,,,,,,,,36350,4882,,,,15.17129693,,,,,,10,,,1,,,,,,,,,,,,,,,,,,,,,,,,,,,,,,,,,,,,,,,,,,,,,,,
41162,72983,33,2,149271,14,69709,1263091914,0.5258185696,19,0.009891013428,4.684570417,0.0001011252116,4.176643876,2,0.06370255384,-1.223347475,1.712210288,2.805179444,57.57575758,0.3637600335,0.0004521600921,0.01093959442,0.8859174059,-0.4531454298,2.070831169,0.7931818805,12.2987545,-0.2013728509,12.12121212,0.6610638056,1063,87.7012455,95.51402381,5098.017676,7.929400659,90231265.95,1.608082301,0.00000360971312,9924.542508,7382.158929,2.33073009,299.7983533,0.1189320583,1473.433679,1.823155322,64007,8976,56.12067103,2704.370419,3329.138148,6.197831874,18196024.53,0.009584488635,0.002634982263,1302587.074,0.3014151198,42.42424242,291.6790934,0.5378879337,4,127.0526316,9.964807664,,,,,,,,,,,,,,,,,,,,,,,,,,,,,,,,,,,,,,,,,,,,,
42733,39948,12,2,0,5,0,,,7,,,,,,,,,,58.33333333,,0.0003003905077,,,,,0.7170250582,16.84189446,,8.333333333,,,83.15810554,0,,,,,,,,,,,,,33220,6728,,,,0,,,,,,41.66666667,,,1,,,,,,,,,,,,,,,,,,,,,,,,,,,,,,,,,,,,,,,,,,,,,,,
1596,581012,55,7,0,10,0,2959.365301,1.177489063,45,0.00009813534273,0.2929311751,0.001848299311,14.10370354,2,0.2107780963,-1.220238943,7.488241815,0.1848106725,81.81818182,0.278605897,0.00009466241661,0.03000040239,1.057715637,-1.181146663,1.790249746,0.9506136717,0.4727957426,0.2029022108,80,0.02227228791,7,48.75992234,0,118.5009109,0.9924421336,835.3403749,1.923190959,0.00002614886637,2072.755073,217.7323825,0.09458927014,0.7453559925,-0.878960928,25.01959089,1.23289514,283301,2747,80.19423581,85.10447632,541.0373531,0,1559.25487,0.021680849,0.009901163464,363.8494479,0.5581535719,18.18181818,7.524143704,1.738679117,44,2.111111111,5.250295781,0.2846739826,0.3456228099,0.8958693549,0.7942458974,0.9662877512,,0.5333805747,,,0.1281057878,0.09357810166,0.5333805747,0.7942458974,0.1281057878,0.9662877512,0.09357810166,0.8494669708,0.4666454551,0.8472390216,0.8494669708,0.9460490849,,0.5124007766,0.6010583981,,0.8494669708,0.8958693549,0.9662877512,,0.2846739826,,0.7942458974,0.8958693549,0.2846739826,0,0.06699861621,0.8924512025,,0.8472390216,0.8301522104,0.8472390216,0.1281057878,0.5333805747,0.09357810166,
1489,5404,6,2,0,5,0,6.11E-09,1.363664264,1,,,,-6.70E-08,2,,-0.857283481,0.9999999985,,16.66666667,0.7794652586,0.001110288675,,-0.3066496519,0.2094948505,1.482393053,0.5918933926,29.34863064,-0.6590595801,16.66666667,,2,70.65136936,0,-3.82E-08,,-1.23E-08,1.661756878,,5.83E-09,3.33E-09,,0,0.3428833817,0.9999999997,0.3397489886,3818,1586,,1.000000003,1.00000001,0,1.000000016,,,1.000000005,0.4842310007,83.33333333,,0.8731822577,1,2,1.765117403,0.1815321984,0.2403774981,0.8065602505,0.6203230054,0.875632829,,0.5579430306,,,0.1556254626,0.1659881569,0.5579430306,0.6203230054,0.1556254626,0.875632829,0.1659881569,0.589375338,0.4633846461,0.8550177463,0.589375338,0.8367145868,,0.2474093264,0.7404866739,,0.589375338,0.8065602505,0.875632829,,0.1815321984,,0.6203230054,0.8065602505,0.1815321984,0.4488154161,0.1267579571,0.6877227093,,0.8550177463,0.8173487304,0.8550177463,0.1556254626,0.5579430306,0.1659881569,
1486,34465,119,2,0,89,0,0.9997583802,-0.8289415958,30,0.1998556134,1.143548225,0.01406824858,0.3961681076,2,0.260716643,-1.84145693,0.01523385027,0.8436001793,25.21008403,-6.856689216,0.003452778181,0.08081940797,9.352204079,-65.61537185,1.960270766,0.9483228877,28.56230959,0.9541178004,2.521008403,0.4286572966,3,71.43769041,0,0.6643064992,1.368401062,0.7934464504,27.3918939,0.0007056214135,0.9260137454,0.8096890144,0.9490127634,0.3051285766,-4.389057157,0.1086060774,306.4411178,24621,9844,15.43338277,0.1808000602,0.2340242351,0,0.4243820047,0.05591774699,0.03711930224,0.1782232111,-2.504117109,74.78991597,14.08644795,0.8629999928,3,2.9,4303.667763,0.05788481068,0.1649499492,0.9273790728,0.8524138497,0.9745841595,,0.8575950375,,,0.06038009575,0.05266212099,0.8575950375,0.8524138497,0.06038009575,0.9745841595,0.05266212099,0.870562448,0.5807524986,0.9686367703,0.870562448,0.939467927,,0.1473088641,0.8367482155,,0.870562448,0.9273790728,0.9745841595,,0.05788481068,,0.8524138497,0.9273790728,0.05788481068,0.6512605891,0.05208182214,0.872526643,,0.9686367703,0.9049229436,0.9686367703,0.06038009575,0.8575950375,0.05266212099,
40981,690,15,2,0,6,0,148.6869565,1.335527334,9,0.5010395545,1.585607779,0.003050061392,3.298550725,2,0.4257094267,-0.9269912726,4.034412666,1.3099264,60,0.9097524104,0.02173913043,0.1445041943,-0.5375502081,0.3926498154,2.125503308,0.5195936139,44.49275362,-0.884759686,33.33333333,0.838716132,14,55.50724638,0,28.68550725,3.496440212,64.29275362,0.8783918614,0.0001392110424,99.18369565,56.97028986,0.9898462292,4.146618435,0.458658292,28.255223,0.1903299759,383,307,10.14249419,52.47141133,77.75429949,0,92.93205207,0.09773048727,0.03989592733,51.82219374,0.6937491058,40,12.40345717,0.9912308989,5,4.222222222,4.265347329,,,,,,,,,,,,,,,,,,,,,,,,,,,,,,,,,,,,,,,,,,,,,
40685,58000,10,7,0,9,0,85.34912069,4.340694844,1,,,,-0.01944827586,7,,0.543597328,8.902768762,,10,2.368863923,0.0001724137931,,8.438483988,-21.86181042,31.68785333,0.645269746,0.01724137931,4.06528156,0,,7,78.59655172,0,0.9339310345,,30.21055172,4313.275528,,49.56142241,34.54986207,,0,-0.7654144485,12.67475488,1817.650225,45586,10,,21.66013857,57.23977534,0,217.5976752,,,48.33574572,1.096128712,90,,0.9603013611,0,7,7698.224846,,,,,,,,,,,,,,,,,,,,,,,,,,,,,,,,,,,,,,,,,,,,,
4135,32769,10,2,0,0,0,,,10,3.002934212,9.452764792,0.01668392424,,2,0.1490284953,,,6.905764785,100,,0.0003051664683,0.1034783774,,,,0.8914794922,5.789007904,,10,4.563590615,7518,94.2109921,0,,11.25759524,,,0.01147973339,,,6.086518588,2497.759076,,,,30872,1897,5.718768166,,,0,,0.05578329783,0.02791943888,,,0,122.7962805,0.3190117478,1,1562.8,,0.05703561293,0.1103481949,0.7682358897,0.2930331797,0.499868213,,0.009696226222,,,0.0615825933,0.05789007904,0.07592322451,0.2930733315,0.06332204217,0.499868213,0.05789007904,0,0.1918651644,0.7480281003,0,0.8077894588,,0.05789007904,0.5167174531,,0,0.7472843214,0.499868213,,0.05810369557,,0.1141686098,0.7140521244,0.06008727761,0,0.06039244408,0.4426123199,,0.7923569549,0.7705440631,0.508350206,0.05959901126,0.1726139968,0.05789007904,
41027,44819,7,3,0,6,0,4.158705013,0.00003411559014,1,,,,2.999933064,3,,-1.421674194,2.101920224,,14.28571429,-0.2097468598,0.0001561837614,,-1.334491089,-0.6292509535,0.00004447057582,0.7008344861,9.672237221,-1.421674194,0,,3,51.45585578,0,2.999949798,,3.719579494,-1.247268087,,4.158705013,4.000089248,,0,-0.6292509535,2.101940128,-1.33447779,23062,4335,,2.713341211,2.755325519,0,2.755325519,,,2.523533408,-0.00002719303354,85.71428571,,1.349109089,0,3,-1.247268087,,,,,,,,,,,,,,,,,,,,,,,,,,,,,,,,,,,,,,,,,,,,,
40975,1728,7,4,0,0,0,,,7,1.584962501,2,0.02362753509,,3,0.2621843566,,,1.79248125,100,,0.004050925926,0.2302933116,,,,0.5993051534,3.761574074,,0,1.584962501,4,70.02314815,0,,2,,,0.004485716627,,,1.79248125,0.5345224838,,,,1210,65,10.53824918,,,0,,0.1144156823,0.08507645805,,,0,14.6663948,1.20574097,0,3.571428571,,,,,,,,,,,,,,,,,,,,,,,,,,,,,,,,,,,,,,,,,,,,,,
41142,5418,1637,2,0,1599,0,984.1709118,1.397878574,38,0,0.002555575226,0,0.2105943152,1,0.007084062834,-1.707438835,0.467261569,0.07778367463,2.321319487,1.188794022,0.3021410114,0.00004535240978,1.27592429,-11.98766774,58.8874505,0.5017537382,50,0.2616672953,0.7941356139,0,2,50,0,144.3995939,0.4525162575,283.630237,5.131511578,0,367.4114064,254.8851975,0,0.4807829082,0.09712459205,63.61521234,22.48963482,2709,2709,3250.699151,84.99803462,109.3599546,0,297.6254706,0.0003076261301,0,87.32056748,0.5962029701,97.67868051,251.8513251,1,13,1.342105263,3692.48556,,,,,,,,,,,,,,,,,,,,,,,,,,,,,,,,,,,,,,,,,,,,,
41161,20000,4297,2,0,4296,0,1.804348566,3.641951616,1,,,,-0.3222444733,2,,0.2851452776,0,,0.02327205027,3.223752933,0.21485,,11.35466344,-0.4949780872,82.94680526,0.9999499975,25,7.633432609,0.02327205027,,2,75,0,0.335713083,,0.4709547031,17.60779999,,0.6062582874,0.4730972856,,0,2.508979221,0.7655261232,20.58219746,15000,5000,,0.9279211013,1.092467261,0,2.484146929,,,0.9187267259,2.976744529,99.97672795,,0.8112781245,1,2,8011.780238,,,,,,,,,,,,,,,,,,,,,,,,,,,,,,,,,,,,,,,,,,,,,
41159,20000,4297,2,0,4296,0,3.44885005,3.925163401,1,,,,-0.3695737984,2,,-1.031831776,0,,0.02327205027,3.274640174,0.21485,,10.49578928,-0.6819769516,47.11215979,0.5196259813,40.015,5.291584658,0.02327205027,,2,59.985,0,0.2216585687,,0.4279482627,20.64749639,,0.5769271655,0.3754625714,,0,2.114863144,0.5535107419,20.36258503,11997,8003,,0.7311747125,0.9137437643,0,2.588623754,,,0.7436253779,2.871173752,99.97672795,,0.9710382712,1,2,2217.777378,,,,,,,,,,,,,,,,,,,,,,,,,,,,,,,,,,,,,,,,,,,,,
41163,10000,2001,5,0,2000,0,1.085227165,2.310278643,1,,,,0.03220464595,5,,-0.8415935309,0.01263166105,,0.04997501249,1.662766143,0.2001,,2.65171465,0.2591838077,6.180004101,0.204020402,19.13,0.6699774011,0,,5,20.49,0,0.1044802194,,0.2385912851,7.363367941,,0.2955058212,0.1994357971,,0,0.7330596189,0.06759217987,5.516678218,2049,1913,,0.112948457,0.2496235959,0,0.6184615816,,,0.1712403541,1.503031256,99.95002499,,2.321483634,0,5,74.45179654,,,,,,,,,,,,,,,,,,,,,,,,,,,,,,,,,,,,,,,,,,,,,
41164,8237,801,7,0,800,0,0.01819957866,18.2927513,1,,,,0,7,,45.63494128,0,,0.1248439451,16.9782623,0.09724414228,,224.3963982,6.224812187,90.75791976,0.1668285576,6.094451864,154.7847287,0,,7,23.39443972,0,0.002987211561,,0.005029448735,360.4006063,,0.006696875798,0.004660972702,,0,11.99538832,0.04364022617,415.5618311,1927,502,,0.05557293534,0.06848731527,0,0.110686678,,,0.05578013895,14.3729481,99.87515605,,2.704628358,0,7,8237,,,,,,,,,,,,,,,,,,,,,,,,,,,,,,,,,,,,,,,,,,,,,
41138,76000,171,2,1078695,170,75244,356439779.9,56.89825796,1,,,,0.0004548794569,2,,-1.628345135,0,,0.5847953216,43.85007584,0.00225,,740.0736821,0.4280387731,239.0773927,0.9645521652,1.809210526,146.2985644,0.5847953216,,2,98.19078947,99.00526316,2423.944429,,2695276.089,4910.617326,,513404.3289,64502.76779,,0,9.362477033,36212.06795,5752.00173,74625,1375,,418175.9192,1748705.191,8.300207756,795252963.8,,,7541433.697,19.51529389,99.41520468,,0.1305899161,1,2,57237.50606,,,,,,,,,,,,,,,,,,,,,,,,,,,,,,,,,,,,,,,,,,,,,
41143,2984,145,2,0,8,0,2.170241287,9.681105582,137,0.004351704121,0.8571314997,0.0001239232513,-0.5613814779,2,0.2327209697,1.366290997,0.3760150296,0.5169986498,94.48275862,6.272359762,0.0485924933,0.02020367822,76.80772339,0.9710213503,9.959126954,0.5062018103,50,3.570706182,94.48275862,0.260271793,2,50,0,-0.5591782827,0.9994552098,0.2035191123,98.25725168,0,1.15285483,-0.5486132259,0.4491348321,0,1.240727916,0.6328909849,58.06816816,1492,1492,41.90776023,0.8472091609,0.9853706766,0,2.175929441,0.02386192902,0.0009837122086,0.9416444718,8.657230993,5.517241379,20.66625545,1,137,2,108.465847,,,,,,,,,,,,,,,,,,,,,,,,,,,,,,,,,,,,,,,,,,,,,
41146,5124,21,2,0,20,0,3150.84114,0.889827584,1,,,,14.05503513,2,,-1.224687199,7.288302942,,4.761904762,0.1082468876,0.004098360656,,1.026996176,-1.168795327,1.76214521,0.5000975991,50,-0.4282019088,4.761904762,,2,50,0,153.8578747,,857.3030347,1.826316164,,2267.269614,218.4655543,,0,-1.053785853,25.37353051,0.9315382097,2562,2562,,90.67149674,980.4517673,0,1563.365246,,,422.4360492,0.442408445,95.23809524,,1,1,2,4.52243918,,,,,,,,,,,,,,,,,,,,,,,,,,,,,,,,,,,,,,,,,,,,,
41150,130064,51,2,0,50,0,933.035237,-16.54902678,1,,,,-25.22596293,2,,8.793067437,59.65940855,,1.960784314,-6.830016572,0.0003921146512,,272.8804047,-16.58084577,360.641711,0.9999923114,28.06233854,272.3204875,1.960784314,,2,71.93766146,0,-3.421416555,,38.39483719,272.9279981,,0.8454563692,-2.818807191,,0,-16.58081267,59.8306392,2834.991963,93565,36499,,59.87530099,60.16877829,0,44367.68903,,,965.7957586,-16.57789552,98.03921569,,0.856298827,1,2,130062.9628,,,,,,,,,,,,,,,,,,,,,,,,,,,,,,,,,,,,,,,,,,,,,
40900,5100,37,2,0,36,0,99.56862745,0.06649700828,1,,,,72.35764706,2,,-1.000304061,11.65874655,,2.702702703,-0.1096173151,0.007254901961,,-0.4436135657,-0.4083627846,0.121144489,0.9998038831,1.470588235,-0.8833972649,2.702702703,,2,98.52941176,0,74.66279412,,85.71349129,-0.09329556011,,97.14073529,85.34186275,,0,-0.300176542,12.34610206,-0.4632046648,5025,75,,14.65761404,15.73170727,0,16.2184976,,,14.24144263,-0.09325273491,97.2972973,,0.1105808448,1,2,0.08103471866,,,,,,,,,,,,,,,,,,,,,,,,,,,,,,,,,,,,,,,,,,,,,
41165,10000,7201,10,0,7200,0,716.4624,0.8775686961,1,,,,207.7164,10,,-1.336942145,89.33811689,,0.01388696014,0.3131705333,0.7201,,-0.5034685361,-1.434525112,2.219956546,0.09660966097,9.58,-0.7703744979,0,,10,10.43,0,313.268375,,413.457272,0.08488761863,,485.561175,441.1843,,0,-0.1432518281,161.4963414,-0.3115636303,1043,958,,195.2821174,216.8028984,0,275.8213884,,,191.1533078,0.1743132331,99.98611304,,3.321431258,0,10,4.151891257,,,,,,,,,,,,,,,,,,,,,,,,,,,,,,,,,,,,,,,,,,,,,
40996,70000,785,10,0,784,0,161.7401286,2.35994006,1,,,,0.0007714285714,10,,-1.736521429,0.08733891057,,0.127388535,3.621922111,0.01121428571,,-0.7892598867,-0.8681746555,155.9112035,0.10150145,10,-1.479815279,0,,10,10,0,24.10008571,,72.96981142,4.471188527,,112.8220964,76.12295,,0,-0.04744690654,57.74199203,199.6731496,7000,7000,,81.31604828,90.54833301,0,103.6457375,,,70.07662619,0.6561051172,99.87261146,,3.321928095,0,10,26177.85275,,,,,,,,,,,,,,,,,,,,,,,,,,,,,,,,,,,,,,,,,,,,,
41166,58310,181,10,0,180,0,1.60355781,3.912033503,1,,,,0,10,,-1.234650008,0,,0.5524861878,3.173896493,0.003104098782,,3.58760155,-1.388513286,28.83417325,0.1477816461,2.334076488,1.280211614,0,,10,21.96192763,0,0.004893042419,,0.1290591388,19.11882036,,0.03996253471,0.01283735763,,0,0.3673368686,0.003703367916,47.91428743,12806,1361,,0.00697647694,0.08444881034,0,0.8509326916,,,0.0707638761,1.145093372,99.44751381,,2.961279665,0,10,1338.965301,,,,,,,,,,,,,,,,,,,,,,,,,,,,,,,,,,,,,,,,,,,,,
41168,83733,55,4,0,54,0,125.4433559,1.008196454,1,,,,-0.7502151538,4,,-1.589986217,0.03720879597,,1.818181818,-0.282755249,0.0006568497486,,-0.229008596,-10.42926325,2.481774718,0.3606267616,2.01473732,-0.4638237057,0,,4,46.00575639,0,0.3589636353,,24.80071042,6.588969028,,34.50689866,0.8205275756,,0,0.1324266293,0.2543516662,20.28843765,38522,1687,,3.38463037,18.64237914,0,60.74898459,,,12.03815235,0.3709293148,98.18181818,,1.599470412,0,4,216.1580975,,,,,,,,,,,,,,,,,,,,,,,,,,,,,,,,,,,,,,,,,,,,,
40984,2310,20,7,0,19,0,123.417316,5.413962654,1,,,,-12.69086036,7,,-0.7504723612,0,,5,3.51321764,0.008658008658,,0.8102543975,-0.8853608418,16.90093525,0.1481160676,14.28571429,0.1377696373,0,,7,14.28571429,0,0.0119288,,19.06199365,35.91283984,,34.87209938,6.97650622,,0,0.8630487948,1.216079013,40.8544297,330,330,,15.57768994,43.07318493,0,58.81152787,,,22.66794681,1.331482217,95,,2.807354922,0,7,339.2210943,,,,,,,,,,,,,,,,,,,,,,,,,,,,,,,,,,,,,,,,,,,,,
41169,65196,28,100,0,27,0,125.4999154,1.009396566,1,,,,-0.7800624917,100,,-1.598282612,0.03698580387,,3.571428571,-0.7740894373,0.0004294742009,,0.1555801213,-11.49816751,2.510135464,0.02308459238,0.1702558439,-0.4256488485,0,,100,6.143014909,0,0.3461205918,,20.81616333,8.783122519,,33.65888085,0.5245110377,,0,0.002801927785,0.2608412965,39.4650025,4005,111,,3.05411941,15.24327011,0,61.37804403,,,10.71086524,0.389839821,96.42857143,,5.977668312,0,100,266.3317227,,,,,,,,,,,,,,,,,,,,,,,,,,,,,,,,,,,,,,,,,,,,,
23517,96320,22,2,0,21,0,0.5171499966,0.01843481276,1,,,,0.4860706122,2,,-1.300467416,0.2828708092,,4.545454545,-0.002565864884,0.0002284053156,,-1.192732008,-0.1002872069,0.06818169405,0.4996625796,49.48297342,-1.234248925,4.545454545,,2,50.51702658,0,0.4941346268,,0.5009744863,-1.165157689,,0.5059519529,0.501307773,,0,-0.02930209564,0.2867131852,-1.200550128,48658,47662,,0.290365311,0.2936311193,0,0.3007429623,,,0.2903794894,0.005062186069,95.45454545,,0.9999228674,1,2,-1.127356906,,,,,,,,,,,,,,,,,,,,,,,,,,,,,,,,,,,,,,,,,,,,,
41147,425240,79,2,2734000,26,425159,,,53,,,,,,,,,,67.08860759,,0.0001857774433,,,,,0.4991498898,50,,1.265822785,,,50,99.98095193,,,,,,,,,,,,,212620,212620,,,,8.13836773,,,,,,32.91139241,,,1,,,,,,,,,,,,,,,,,,,,,,,,,,,,,,,,,,,,,,,,,,,,,,,
1111,50000,231,2,8024152,192,50000,6181967.17,17.31639124,39,0,7.071472706,0.0000777567332,-153278.6085,1,0.04513676369,-1.674958651,0,3.452534429,16.88311688,11.57461851,0.00462,0.01154994828,93.96938231,-1.799320905,148.082675,0.9651593032,1.78,14.82968741,2.164502165,0.3818882033,15415,98.22,100,4.182478494,12.46350676,204444.1099,382.7882143,0,28784.93684,32.35787453,1.409840206,4160.398063,3.169804552,9.03461546,434.5169542,49110,890,14.94984331,97.36575043,94164.31945,69.47317749,25311869.22,0.008622383143,0.0009616546795,402315.9073,8.284472108,83.11688312,399.4153343,0.128903277,5,1833.487179,26707.59913,0.0178,0.09606,0.5484101624,0.005045520735,0.5,,0,,,0.02222,0.0178,0,0.005045520735,0.02222,0.5,0.0178,0,0.02075461958,0.5,0,0.5091605865,,0.0178,0.7295986309,,0,0.5484101624,0.5,,0.0178,,0.005045520735,0.5484101624,0.0178,0,0.03448,0.01824067818,,0.5,0.6051536996,0.5,0.02222,0,0.0178,
1169,539383,8,2,0,3,0,2427.92863,1.493904527,5,2.792166045,6.461372186,0.006293433206,132.2020067,2,0.05187333765,-1.014532723,70.1170156,4.88977184,62.5,0.8130613549,0.00001483176148,0.04486039102,-0.3567046344,0.07638460995,1.493904527,0.5805125125,44.54422924,-1.014532723,12.5,3.055257328,293,55.45577076,0,132.2020067,6.461549303,1120.9532,2.756630583,0.001580981344,2427.92863,802.7289625,5.152686006,155.6608493,0.07638460995,70.1170156,0.4617977419,299119,240264,40.58656381,278.0459108,2067.429837,0,2067.429837,0.02442666473,0.02212616997,805.1975877,0.8688949282,37.5,199.1817233,0.9913943867,1,122.6,2.756630583,0.3578811346,0.367490262,0.6030661225,0.1865979481,0.6722004004,,0.2478250871,,,0.3962879809,0.3547924202,0.2478250871,0.1865979481,0.3962879809,0.6722004004,0.3547924202,0.2664025931,0.239958353,0.662638834,0.2664025931,0.6041234211,,0.376443084,0.5889760479,,0.2664025931,0.6030661225,0.6722004004,,0.3578811346,,0.1865979481,0.6030661225,0.3578811346,0.1895348325,0.4022855744,0.174082148,,0.662638834,0.6678761822,0.662638834,0.3962879809,0.2478250871,0.3547924202,
41167,416188,61,355,0,60,0,10070.77014,0.4672830702,1,,,,-8372.240598,355,,-0.574663933,0,,1.639344262,-39.99784794,0.0001465683778,,1.796735881,-586.0047393,565.3752048,0.002892930341,0.2109623536,0.8227320882,0,,355,0.5932415159,0,-88.18044069,,1199.262872,199587.8128,,3590.369647,82.27062529,,0,-1.695703047,412.6942009,77960.00872,2469,878,,1451.956192,798265.7819,0,4007456.754,,,730917.2578,-0.1389980386,98.36065574,,8.450427915,0,355,369550.7433,,,,,,,,,,,,,,,,,,,,,,,,,,,,,,,,,,,,,,,,,,,,,
40668,67557,43,3,0,0,0,,,43,0.01472538791,1.219360611,0.0009071445225,,3,0.03037979731,,,0.6800133933,100,,0.0006364995485,0.008281384478,,,,0.6196340814,9.546012996,,0,0.1602460903,3,65.83033586,0,,1.579788777,,,0.0002027000175,,,0.5586352919,0,,,,44473,6449,205.8423169,,,0,,0.005919309377,0.001673655294,,,0,113.8805291,1.218444356,0,3,,,,,,,,,,,,,,,,,,,,,,,,,,,,,,,,,,,,,,,,,,,,,,
41144,3140,260,2,0,259,0,517.3089172,0.07036799992,1,,,,475.8971338,2,,-0.962997329,0.9395838801,,0.3846153846,0.03401830435,0.08280254777,,0.08909783764,-0.1201631243,0.1902750298,0.4979292768,49.7133758,0.02571180498,0.3846153846,,2,50.2866242,0,480.3630573,,488.4847417,0.1797059377,,495.783121,485.5210191,,0,-0.002749694203,11.69062244,0.06202501958,1579,1561,,22.12440532,36.53350147,0,133.569219,,,25.85770562,0.03846687807,99.61538462,,0.9999762954,1,2,0.4757890015,,,,,,,,,,,,,,,,,,,,,,,,,,,,,,,,,,,,,,,,,,,,,
40978,3279,1559,2,0,3,0,112.6593474,7.516081525,1556,0.0135661542,0.0602748818,0.0006645916356,2.82629323,2,0.1550009012,2.624821455,5.426729798,0.05957015608,99.80756895,3.862700869,0.4754498323,0.004307460984,10.88058969,1.714678922,7.516081525,0.9996949359,13.99817017,2.624821455,99.80756895,0.03240582223,2,86.00182983,0,2.82629323,0.8659834626,53.95887115,73.92065863,1.05E-07,112.6593474,46.39097286,0.04213879111,0,1.714678922,5.426729798,29.14202326,2820,459,122.585762,54.76677706,130.657205,0,130.657205,0.004765568846,0.001064400966,63.61690395,2.35734216,0.1924310455,11.50011447,0.5841908881,1556,2,73.92065863,,,,,,,,,,,,,,,,,,,,,,,,,,,,,,,,,,,,,,,,,,,,,
1515,571,1301,20,0,1300,0,2882892.506,16.90548909,1,,,,0,20,,8.917211252,0,,0.07686395081,12.81835288,2.278458844,,157.4104251,2.802621473,23.89560629,0.698245614,1.926444834,83.84811725,0,,20,10.50788091,0,681.1991217,,67437.28899,306.3440351,,50568.45274,13117.0164,,0,8.342688863,9417.269905,212.9903676,60,11,,94709.23456,357114.778,0,7792765.645,,,343176.1289,11.52055232,99.92313605,,4.199893218,0,20,571,0.2802101576,0.1663747811,0.7128617146,0.4265249039,0.916005484,,0.7014232724,,,0.5376532399,0.295971979,0.7014232724,0.4265249039,0.5376532399,0.916005484,0.295971979,0.683741524,0.8231679489,0.8836144467,0.683741524,0.7979026872,,0.8248686515,0.7244181438,,0.683741524,0.7128617146,0.916005484,,0.2802101576,,0.4265249039,0.7128617146,0.2802101576,0.08827687207,0.3992994746,0.5753400528,,0.8836144467,0.9462021235,0.8836144467,0.5376532399,0.7014232724,0.295971979,
1468,1080,857,9,0,856,0,0.437037037,32.86335345,1,,,,0.0009259259259,9,,-1.259416834,0.03042903097,,0.1166861144,23.16238194,0.7935185185,,537.4925737,0.6326488459,32.86335345,0,11.11111111,211.9903671,0,,9,11.11111111,0,0.0009259259259,,0.008213265836,1080,,0.00462962963,0.001851851852,,0,14.61498529,0.03042903097,636.4605778,120,120,,0.04301320245,0.07436270271,0,0.617716893,,,0.06570782004,23.20554285,99.88331389,,3.169925001,0,9,1080,0.1935185185,0.08333333333,0.8760416667,0.7520833333,0.9466849923,,0.7822916667,,,0.2203703704,0.2296296296,0.7822916667,0.7520833333,0.2203703704,0.9466849923,0.2296296296,0.7416666667,0.90625,0.9610865162,0.7416666667,0.9059167631,,0.8111111111,0.6548924576,,0.7416666667,0.8760416667,0.9466849923,,0.1935185185,,0.7520833333,0.8760416667,0.1935185185,0.0875,0.1888888889,0.7875,,0.9610865162,0.9858796296,0.9610865162,0.2203703704,0.7822916667,0.2296296296,
1457,1500,10001,50,0,10000,0,249.8306667,10.6121885,1,,,,0.006,50,,-0.7024674072,0.0772526935,,0.0099990001,7.260344984,6.667333333,,56.17199735,-0.4823333587,33.83000575,0.967311541,2,11.32874451,0,,50,2,0,0.012,,0.4114582667,115.4397093,,0.2925,0.028,,0,2.848320579,0.1152310091,83.53110092,30,30,,0.1917859603,0.6416786373,0,66.01197149,,,0.4889382227,7.151278606,99.990001,,5.64385619,0,50,1232.854012,0.6833333333,0.498,0.5319727891,0.06394557823,0.7329693878,,0.3027210884,,,0.9173333333,0.8133333333,0.3027210884,0.06394557823,0.9173333333,0.7329693878,0.8133333333,0.1700680272,0.4918367347,0.7274081633,0.1700680272,0.5604408163,,0.9613333333,0.6431183673,,0.1700680272,0.5319727891,0.7329693878,,0.6833333333,,0.06394557823,0.5319727891,0.6833333333,0.01904761905,0.8626666667,0.1197278912,,0.7274081633,0.8005283447,0.7274081633,0.9173333333,0.3027210884,0.8133333333,
1461,45211,17,2,0,7,0,1362.272058,8.360308326,10,0.130212212,2.276141334,0.00338990117,0.5803233726,2,0.04241125452,-1.059897373,2.303441045,1.421499422,58.82352941,8.806191925,0.0003760146867,0.02739533863,18.15391527,0.09307901402,41.84645447,0.8430878124,11.69848046,0.3195703759,23.52941176,0.7859331318,12,88.30151954,0,2.763840658,3.055352982,245.8171084,140.7515466,0.0004244883501,258.1630798,40.19782796,1.177525384,3.977715704,0.6848179257,3.098020883,673.0300916,39922,5289,34.95425877,10.61876204,257.5278123,0,3044.765829,0.01489464345,0.0119228893,489.5378696,3.144318099,41.17647059,94.43695536,0.5206312213,4,4.6,4506.86066,0.0992899958,0.1217402844,0.6859941691,0.3521540406,0.8799414791,,0.4264059732,,,0.1330428436,0.1023865873,0.4264059732,0.3521540406,0.1330428436,0.8799414791,0.1023865873,0.4389412917,0.4313532735,0.81055394,0.4389412917,0.6363436045,,0.1169848046,0.7045483801,,0.4389412917,0.6859941691,0.8799414791,,0.0992899958,,0.3521540406,0.6859941691,0.0992899958,0,0.1312733627,0.3030372783,,0.81055394,0.8590627537,0.81055394,0.1330428436,0.4264059732,0.1023865873,
4541,101766,50,3,0,13,0,165201645.6,3.088602993,37,0,0.9962346865,0.00001976072318,0.1978362125,1,0.03645461836,-0.3473720444,0.9304722684,1.066683055,74,3.409375692,0.0004913232317,0.002000914095,1.744989372,-0.8767462388,22.85558215,0.4348253329,11.15991589,-0.09056370875,18,0.003539519072,790,53.91191557,0,0.987648134,6.841681922,16887087.02,13.36137186,0,29.55874261,4.395986872,0.3374961141,206.9327044,0.5852111369,1.356333963,105.7235857,54864,11357,384.4707748,2.985107767,13.90096423,0,102640296,0.00354677942,0.0002558007029,10872054.15,1.316414763,26,299.7469391,1.363633032,9,66.54054054,1191.686726,,,,,,,,,,,,,,,,,,,,,,,,,,,,,,,,,,,,,,,,,,,,,
1487,2534,73,2,0,72,0,10164.19844,0.5116487297,1,,,,-10.51140969,2,,-0.9765331961,0.242857894,,1.369863014,0.08595601481,0.02880820837,,0.2058839276,-1.308358975,7.376460912,0.9155151994,6.314127861,-0.2601684313,1.369863014,,2,93.68587214,0,1.83744758,,296.4946065,1.059331708,,20.78420039,4.815862994,,0,-0.65360463,1.166093621,1.493054752,2374,160,,6.228337109,7.043592908,0,77.41011009,,,7.570160866,0.04714941193,98.63013699,,0.3397904253,1,2,77.6589871,0.2490134175,0.3038674033,0.7445108467,0.009143221272,0.5,,0,,,0.06314127861,0.06314127861,0.2064815302,0,0.06393054459,0.5,0.06314127861,0,0.1647517517,0.8579034669,0,0.6566870261,,0.06314127861,0.732766428,,0,0.7811354781,0.5,,0.06314127861,,0,0.6752435236,0.08405682715,0,0.07971586425,0.3142139025,,0.6374526116,0.8217510278,0.732766428,0.06314127861,0.2747177438,0.06314127861,
1464,748,5,2,0,4,0,1378.676471,3.211265474,1,,,,5.514705882,2,,-0.2456311794,5.839307123,,20,2.263111193,0.006684491979,,12.6337501,0.7494502906,3.211265474,0.7309236948,23.79679144,2.163613671,20,,2,76.20320856,0,6.512700535,,356.9949866,15.87615198,,1042.577874,21.89438503,,0,1.032203601,6.403329251,10.22450525,570,178,,16.236055,1100.964264,0,1459.826781,,,374.5345495,2.545864503,80,,0.7916446298,1,2,15.87615198,0.2419786096,0.2446524064,0.5678050463,0.1356737467,0.7011186675,,0.02063078704,,,0.2874331551,0.2379679144,0.02063078704,0.1356737467,0.2874331551,0.7011186675,0.2379679144,0.174904566,0.1496620614,0.6350532229,0.174904566,0.6044253893,,0.2379679144,0.6777646363,,0.174904566,0.5678050463,0.7011186675,,0.2419786096,,0.1356737467,0.5678050463,0.2419786096,0,0.2860962567,0.148661873,,0.6350532229,0.6667800118,0.6350532229,0.2874331551,0.02063078704,0.2379679144,
42732,2215023,9,2,0,3,0,,,6,,,,,,,,,,66.66666667,,0.000004063163227,,,,,0.7940530613,12.15874508,,11.11111111,,,87.84125492,0,,,,,,,,,,,,,1945704,269319,,,,0,,,,,,33.33333333,,,1,,,,,,,,,,,,,,,,,,,,,,,,,,,,,,,,,,,,,,,,,,,,,,,
1590,48842,15,2,6465,6,3620,189664.1346,6.401021392,9,0.7952150317,2.736773253,0.01068033824,10.07808853,2,0.165423181,-0.1842687406,2.570972756,1.78098912,60,3.063860808,0.0003071127308,0.1407696499,4.504453651,-0.3165248567,11.894659,0.6344259946,23.92817657,0.4232417694,13.33333333,0.8343198264,41,76.07182343,7.411653904,31.50221121,3.441922669,31819.97477,53.18403354,0.008187042285,48225.33437,63.96234798,1.600810287,12.15296032,0.09993102874,9.936326207,30.35963768,37155,11687,11.06850752,208.357531,31990.02065,0.8824372466,105604.0254,0.07172094685,0.06237343409,18914.62033,0.9982360976,40,23.83220312,0.7938438394,2,11.22222222,152.6930963,0.1437082839,0.1671307481,0.7538927205,0.4732340127,0.8784273311,,0.5636251551,,,0.1894476066,0.1534744687,0.5636251551,0.4732340127,0.1894476066,0.8784273311,0.1534744687,0.5465099669,0.4929623257,0.8818783209,0.5465099669,0.7147496646,,0.2392817657,0.7595182625,,0.5465099669,0.7538927205,0.8784273311,,0.1437082839,,0.4732340127,0.7538927205,0.1437082839,0,0.2063797551,0.4309676914,,0.8818783209,0.8913978618,0.8818783209,0.1894476066,0.5636251551,0.1534744687,
1494,1055,42,2,0,41,0,37.05563981,5.713013961,1,,,,-0.19712891,2,,-0.2218803904,0.03014295651,,2.380952381,3.79863922,0.03981042654,,11.77416802,-1.762197661,26.84598324,0.9971537002,33.74407583,3.38271251,2.380952381,,2,66.25592417,0,0.1018957346,,2.683521574,46.88794675,,2.613380569,1.131106161,,0,1.411781003,0.241070826,44.71323749,699,356,,0.8313081691,2.030064188,0,11.8958892,,,1.594396016,2.61541822,97.61904762,,0.9223486063,1,2,812.7240264,0.1848341232,0.2426540284,0.7736352896,0.5365469284,0.8412017167,,0.5752212938,,,0.2113744076,0.1867298578,0.5752212938,0.5365469284,0.2113744076,0.8412017167,0.1867298578,0.5583532197,0.5172211616,0.8231763675,0.5583532197,0.8175342785,,0.2909952607,0.757996978,,0.5583532197,0.7736352896,0.8412017167,,0.1848341232,,0.5365469284,0.7736352896,0.1848341232,0.4228120105,0.1772511848,0.6087206593,,0.8231763675,0.8904384452,0.8231763675,0.2113744076,0.5752212938,0.1867298578,
31,1000,21,2,0,7,0,3271.258,1.909444721,14,0.2283640258,1.87491203,0.005310005974,1.155,2,0.09473884155,-1.381448503,0.3620857718,1.433893226,66.66666667,0.9203791257,0.021,0.02650410754,0.9197813601,-0.5313481143,1.94962768,0.5695695696,30,-1.210473118,14.28571429,0.9089779149,10,70,0,1.407,2.66667776,476.5838571,1.649273694,0.0009636600149,35.546,2.973,1.532103628,2.038098661,-0.272569814,0.5776544682,0.9242775258,700,300,43.59303602,1.118714674,12.05881445,0,2822.736876,0.02021632306,0.01275318648,407.0476188,1.094184172,33.33333333,69.9274986,0.8812908992,3,4,4.292590308,0.273,0.248,0.6580238095,0.2781007752,0.7002928571,,0.3056968464,,,0.298,0.269,0.3056968464,0.2781007752,0.298,0.7002928571,0.269,0.2225433526,0.3724696356,0.7208285714,0.2225433526,0.649047619,,0.3,0.6647619048,,0.2225433526,0.6580238095,0.7002928571,,0.273,,0.2781007752,0.6580238095,0.273,0,0.286,0.3044747082,,0.7208285714,0.786047619,0.7208285714,0.298,0.3056968464,0.269,
188,736,20,5,448,14,95,2054.739369,0.9548948009,6,2.581064174,4.009738246,0.3233123625,-2.58423913,5,0.4275327643,-1.887802597,0.4931878448,3.462636306,30,2.551453016,0.02717391304,0.4259649838,0.4289115083,-0.6970908724,27.10927085,0.3931972789,14.26630435,-0.4961422377,0,2.908861462,27,29.07608696,12.9076087,2.882908546,4.237363756,390.0868288,1.364123969,0.2465031393,403.0027174,6.249602617,3.475982114,7.659416862,-0.3960800165,0.7785027892,62.86596626,214,105,5.93346844,1.346599657,80.61760056,3.043478261,1551.779819,0.3812413672,0.4076521435,172.6108156,0.1111947892,70,8.082530396,2.26208362,0,13.66666667,734.9416212,0.4184782609,0.4510869565,0.7219508813,0.391513467,0.7171370641,,0.4637307109,,,0.4769021739,0.5557065217,0.4637307109,0.391513467,0.4769021739,0.7171370641,0.5557065217,0.2672017372,0.4274118336,0.8239493967,0.2672017372,0.7018152603,,0.5054347826,0.7519401667,,0.2672017372,0.7219508813,0.7171370641,,0.4184782609,,0.391513467,0.7219508813,0.4184782609,0.302479861,0.4660326087,0.402286223,,0.8239493967,0.8520788174,0.8239493967,0.4769021739,0.4637307109,0.5557065217,
23,1473,10,3,0,2,0,32.53835709,1.099013946,8,0.380671663,1.757839344,0.009820501434,3.261371351,2,0.07090633895,-0.9438944909,2.358548863,1.220812297,80,0.6777315758,0.006788866259,0.04013859923,0.2928560302,0.2564492055,1.099013946,0.9966032609,22.60692464,-0.9438944909,30,0.6082239803,4,42.70196877,0,3.261371351,1.866755069,17.89986422,1.529606551,0.00258233238,32.53835709,17.89986422,1.447988511,0.991031209,0.2564492055,2.358548863,0.2928560302,629,333,53.27488524,5.292896809,8.227244755,0,8.227244755,0.02888855746,0.03047421456,5.292896809,0.6777315758,20,41.25937203,1.539034583,3,3.125,1.529606551,0.4894772573,0.5064494229,0.6012886777,0.1934235438,0.6719876165,,0.230275889,,,0.5207060421,0.488119484,0.230275889,0.1934235438,0.5207060421,0.6719876165,0.488119484,0.2450074067,0.2336054769,0.659998601,0.2450074067,0.5810647504,,0.5729803123,0.5552950488,,0.2450074067,0.6012886777,0.6719876165,,0.4894772573,,0.1934235438,0.6012886777,0.4894772573,0,0.5512559403,0.1489087369,,0.659998601,0.679800652,0.659998601,0.5207060421,0.230275889,0.488119484,
3,3196,37,2,0,0,0,,,37,0.004094030353,0.9132329807,0.0007775955777,,2,0.1982668796,,,0.5901482912,100,,0.01157697121,0.01848612084,,,,0.9990610329,47.77847309,,94.59459459,0.2875600036,3,52.22152691,0,,0.9956521852,,,1.18E-09,,,0.6794996248,0.1643989873,,,,1669,1527,52.1404017,,,0,,0.01915166562,0.005426489213,,,0,29.81446298,0.9985755387,35,2.027027027,,0.05913642053,0.1210888611,0.9451363376,0.8908498654,0.997615519,,0.8811920214,,,0.05444305382,0.01376720901,0.8811920214,0.8908498654,0.05444305382,0.997615519,0.01376720901,0.9724172669,0.7569708778,0.9619120657,0.9724172669,0.9728427353,,0.3394868586,0.6714034536,,0.9724172669,0.9451363376,0.997615519,,0.05913642053,,0.8908498654,0.9451363376,0.05913642053,0.3396437688,0.06914893617,0.8609676574,,0.9619120657,0.9520419939,0.9619120657,0.05444305382,0.8811920214,0.01376720901,
54,846,19,4,0,18,0,439.9113475,0.7893031363,1,,,,6.377068558,4,,-0.9784712963,2.592138328,,5.263157895,1.041577728,0.02245862884,,-0.4416545158,-0.2263412803,6.778393619,0.2579881657,23.52245863,-0.7809324383,0,,4,25.76832151,0,35.84604019,,117.6349488,0.1641613631,,178.1838061,87.88356974,,0,0.254404572,6.168386544,5.153140517,218,199,,8.061362713,31.68274987,0,176.6926136,,,22.77083917,0.4982427339,94.73684211,,1.999066766,0,4,58.37545547,0.3191489362,0.5449172577,0.7905275082,0.5820719122,0.8786505597,,0.5743705559,,,0.3132387707,0.31678487,0.5743705559,0.5820719122,0.3132387707,0.8786505597,0.31678487,0.5772957353,0.2786963469,0.8287300415,0.5772957353,0.7865899875,,0.5957446809,0.649286471,,0.5772957353,0.7905275082,0.8786505597,,0.3191489362,,0.5820719122,0.7905275082,0.3191489362,0.2121027335,0.3191489362,0.5741729817,,0.8287300415,0.7665561842,0.8287300415,0.3132387707,0.5743705559,0.31678487,
12,2000,217,10,0,216,0,1141.5705,0.3665125978,1,,,,6.7675,10,,-1.389320959,1.985485035,,0.4608294931,0.0275605169,0.1085,,-0.4026911656,-1.073823789,0.8630705307,0.9954977489,10,-0.6970467475,0,,10,10,0,14.118125,,318.2703889,0.01138630536,,684.50275,146.47975,,0,-0.2190263674,5.542689318,-0.3151882007,200,200,,30.29006568,91.59687126,0,153.5115814,,,49.58131318,-0.0141193613,99.53917051,,3.321928095,0,10,1.7012863,0.1335,0.0765,0.8927777778,0.7855555556,0.9486284722,,0.8516666667,,,0.193,0.1575,0.8516666667,0.7855555556,0.193,0.9486284722,0.1575,0.825,0.915,0.9360315278,0.825,0.9753261111,,0.8065,0.7207469444,,0.825,0.8927777778,0.9486284722,,0.1335,,0.7855555556,0.8927777778,0.1335,0.1038888889,0.044,0.9511111111,,0.9360315278,0.9919075,0.9360315278,0.193,0.8516666667,0.1575,
181,1484,9,10,0,8,0,0.5047169811,8.222982415,1,,,,0.0075,10,,0.4590599901,0.04835096693,,11.11111111,2.912827304,0.006064690027,,5.03386604,-1.79164065,10.27688371,0.5165205664,0.3369272237,0.8194131152,0,,10,31.19946092,0,0.2649393531,,0.381196934,78.39139006,,0.5000993935,0.4999090296,,0,-0.06158669763,0.06226810609,28.66087843,463,5,,0.09658038798,0.1338043104,0,0.1372993004,,,0.09666403435,1.024533663,88.88888889,,2.490417636,0,10,105.7387124,0.4595687332,0.4312668464,0.6629948882,0.3357951064,0.7806772276,,0.4023111775,,,0.5168463612,0.4339622642,0.4023111775,0.3357951064,0.5168463612,0.7806772276,0.4339622642,0.4345415667,0.4440138528,0.7185286283,0.4345415667,0.6738892565,,0.5929919137,0.6356581722,,0.4345415667,0.6629948882,0.7806772276,,0.4595687332,,0.3357951064,0.6629948882,0.4595687332,0.185207554,0.4986522911,0.3579093112,,0.7185286283,0.8099003088,0.7185286283,0.5168463612,0.4023111775,0.4339622642,
1067,2109,22,2,0,21,0,5242.38624,4.706421341,1,,,,0.08673779042,2,,1.241395021,0.1755065264,,4.545454545,4.203178137,0.01043148412,,22.42277671,1.14076585,8.78903415,0.9990512334,15.45756283,12.28490564,4.545454545,,2,84.54243717,0,1.717022285,,285.0969166,36.53033083,,26.14189426,7.631673779,,0,2.869811696,3.230565232,31.85339193,1783,326,,7.863645549,41.92522717,0,17444.98121,,,915.4550144,3.737101379,95.45454545,,0.6211733422,1,2,103.0790452,0.1564722617,0.1744902798,0.6404083901,0.3113191316,0.7649357084,,0.2604340674,,,0.1763869132,0.1441441441,0.2604340674,0.3113191316,0.1763869132,0.7649357084,0.1441441441,0.1849378981,0.3008403119,0.7072599431,0.1849378981,0.7470447488,,0.1545756283,0.7123747114,,0.1849378981,0.6404083901,0.7649357084,,0.1564722617,,0.3113191316,0.6404083901,0.1564722617,0,0.1512565197,0.3504547881,,0.7072599431,0.7895503284,0.7072599431,0.1763869132,0.2604340674,0.1441441441,
1049,1458,38,2,0,37,0,19505.51954,9.488261932,1,,,,0.07064471879,2,,-1.51095303,0.1198623703,,2.631578947,6.450282233,0.02606310014,,48.0499421,-0.4639306888,25.48385198,0.7803706246,12.2085048,9.736066581,2.631578947,,2,87.7914952,0,1.468106996,,583.4640335,173.880634,,19.70884774,6.997256516,,0,2.816131807,2.021356637,105.087148,1280,178,,9.487405907,26.37377504,0,62600.25506,,,1837.829067,5.710990952,97.36842105,,0.5353247216,1,2,771.6332888,0.1083676269,0.1687242798,0.6578322507,0.3259036394,0.8679402212,,0.3020372547,,,0.1378600823,0.1111111111,0.3020372547,0.3259036394,0.1378600823,0.8679402212,0.1111111111,0.3495230122,0.3008202985,0.8296260534,0.3495230122,0.6835147472,,0.122085048,0.8338066187,,0.3495230122,0.6578322507,0.8679402212,,0.1083676269,,0.3259036394,0.6578322507,0.1083676269,0,0.1495198903,0.3189543604,,0.8296260534,0.81918643,0.8296260534,0.1378600823,0.3020372547,0.1111111111,